effect,term,estimate,std.error,statistic,df,p.value,conf.low,conf.high
fixed,(Intercept),14.464327531568534,0.5157263036935297,28.04651891512588,182.01321697241931,5.50216188850899e-68,13.446756668053842,15.481898395083226
fixed,CYCLE2,-1.0302311777009998,0.331678618356383,-3.1061127268506468,1485.5919358467702,0.0019315128148226295,-1.6808393904005055,-0.3796229650014943
fixed,CYCLE3,-2.086515725839792,0.3479933633919742,-5.995849189484611,1491.1323405067278,2.535107360911107e-9,-2.769124256321726,-1.4039071953578581
fixed,MONTH.L,-6.531784985497633,0.2865863874176231,-22.791679131567758,1441.40749123776,1.9039837234918293e-98,-7.093956037297789,-5.9696139336974765
fixed,MONTH.Q,5.081141519725555,0.28118169625542433,18.070669561328295,1424.8107561088268,6.980542027328028e-66,4.529566970876636,5.6327160685744735
fixed,MONTH.C,-2.6958138242406937,0.2812092361456187,-9.586505269850807,1424.6706179768878,3.893670870986297e-21,-3.247442442306201,-2.1441852061751865
fixed,MONTH^4,0.479513244178575,0.2793398343427452,1.7165945748726281,1424.639585081594,0.08627064647070899,-0.0684483084190437,1.0274747967761937
