effect,term,estimate,std.error,statistic,df,p.value,conf.low,conf.high
fixed,(Intercept),18.76273064961424,0.5483413413863667,34.21724614484947,250.5850190482921,2.0088753619604426e-96,17.682785522418513,19.84267577680997
fixed,CYCLE2,-1.2813919289475935,0.38559704989436766,-3.323137273219866,1506.0373486627634,9.114630674741407e-4,-2.037756121952064,-0.5250277359431229
fixed,CYCLE3,-2.2694055236831954,0.4045126062885155,-5.610222001498167,1514.1159899230263,2.3986907086383208e-8,-3.062869939761466,-1.4759411076049247
fixed,MONTH_num,-0.7078242550769818,0.037715683606952224,-18.767371750528387,1445.2076922702813,1.697174521193222e-70,-0.7818075969225025,-0.6338409132314611
