obj_resp,subj_resp,n,pct_total
0,0,24,17.142857142857142
0,1,34,24.285714285714285
1,0,7,5
1,1,75,53.57142857142857
