effect,term,estimate,std.error,statistic,df,p.value,conf.low,conf.high
fixed,(Intercept),14.768715083799364,0.5526681794844346,26.72257175648614,184.06555990679598,2.913183696711535e-65,13.678336196978185,15.859093970620544
fixed,CYCLE2,-0.8161078029077765,0.3163941934721128,-2.579401960420961,1632.6538773664324,0.009983927308545217,-1.4366890878754022,-0.19552651794015086
fixed,CYCLE3,-1.8638493817096566,0.34130932789115886,-5.460880290690517,1634.5250297602247,5.46781031898807e-8,-2.533299092729374,-1.1943996706899394
fixed,MONTH.L,-6.149165818923736,0.26525498953224363,-23.182092935432834,1575.0408984179132,1.5667576482348964e-102,-6.669455864836302,-5.62887577301117
fixed,MONTH.Q,5.052546898058481,0.26477674401655504,19.082291070633353,1574.8693177809844,3.412775832342315e-73,4.533194873479123,5.57189892263784
fixed,MONTH.C,-2.749844764472898,0.26420214246124163,-10.408109256253663,1574.5336562337652,1.3984662726561395e-24,-3.2680698094744733,-2.2316197194713223
fixed,MONTH^4,0.5123619147583545,0.26389666129999767,1.9415248083639132,1574.3881815992409,0.05237286646639386,-0.005263974362129331,1.0299878038788384
