effect,term,estimate,std.error,statistic,df,p.value,conf.low,conf.high,model
fixed,(Intercept),6.4211618992252735,0.5193249135228505,12.36444031861903,301.88405591293025,1.0868412297846917e-28,5.399206670900188,7.443117127550359,hadsa_sens
fixed,CYCLE2,-0.5557262809366811,0.41882167801228626,-1.326880412623672,869.1774174173298,0.1848967164593419,-1.3777463543698119,0.2662937924964498,hadsa_sens
fixed,CYCLE3,-0.5652173913043638,0.42931308276613356,-1.316562233935609,781.671559391146,0.18837128852421936,-1.4079604662952803,0.27752568368655284,hadsa_sens
fixed,MONTH_num,-0.11481124919773915,0.03931744704617632,-2.9201094634374214,781.671559524431,0.0035997191297186394,-0.19199153452933776,-0.037630963866140524,hadsa_sens
fixed,(Intercept),5.761238292373241,0.49544856215569844,11.628327807242133,147.39087314246288,1.3775547602067738e-22,4.782137890618129,6.7403386941283525,hadsd_sens
fixed,CYCLE2,0.3500228468076841,0.2728672486959203,1.2827587351743521,823.7921943885493,0.19993741081682914,-0.18557404409697703,0.8856197377123451,hadsd_sens
fixed,CYCLE3,0.6043478260869724,0.26984381418360315,2.239620826274605,783.9784568061833,0.025395143764812028,0.0746458972088263,1.1340497549651185,hadsd_sens
fixed,MONTH_num,-0.09198319621914795,0.02471289671990162,-3.722072619073938,783.9784570147657,2.1172039375228703e-4,-0.14049447708840695,-0.04347191534988894,hadsd_sens
