obj_resp,subj_resp,n,pct_total
0,0,70,39.10614525139665
0,1,25,13.966480446927374
1,0,17,9.497206703910615
1,1,67,37.43016759776536
