obj_resp,subj_resp,n,pct_total
0,0,47,26.256983240223462
0,1,34,18.99441340782123
1,0,23,12.849162011173185
1,1,75,41.899441340782126
